{
  "cox_all_features": {
    "fpr": [
      0.0,
      0.0,
      0.0,
      0.0005208333333333333,
      0.0005208333333333333,
      0.0015625,
      0.0015625,
      0.0020833333333333333,
      0.0020833333333333333,
      0.0026041666666666665,
      0.0026041666666666665,
      0.003125,
      0.003125,
      0.0036458333333333334,
      0.0036458333333333334,
      0.005208333333333333,
      0.005208333333333333,
      0.005729166666666666,
      0.005729166666666666,
      0.00625,
      0.00625,
      0.013541666666666667,
      0.013541666666666667,
      0.016145833333333335,
      0.016145833333333335,
      0.016666666666666666,
      0.016666666666666666,
      0.017708333333333333,
      0.017708333333333333,
      0.020833333333333332,
      0.020833333333333332,
      0.025520833333333333,
      0.025520833333333333,
      0.03697916666666667,
      0.03697916666666667,
      0.04010416666666667,
      0.04010416666666667,
      0.0484375,
      0.0484375,
      0.051041666666666666,
      0.051041666666666666,
      0.05260416666666667,
      0.05260416666666667,
      0.05364583333333333,
      0.05364583333333333,
      0.0578125,
      0.0578125,
      0.058854166666666666,
      0.058854166666666666,
      0.07395833333333333,
      0.07395833333333333,
      0.0765625,
      0.0765625,
      0.07708333333333334,
      0.07708333333333334,
      0.078125,
      0.078125,
      0.084375,
      0.084375,
      0.0859375,
      0.0859375,
      0.08697916666666666,
      0.08697916666666666,
      0.08958333333333333,
      0.08958333333333333,
      0.10625,
      0.10625,
      0.1109375,
      0.1109375,
      0.115625,
      0.115625,
      0.13854166666666667,
      0.13854166666666667,
      0.153125,
      0.153125,
      0.20052083333333334,
      0.20052083333333334,
      0.21197916666666666,
      0.21197916666666666,
      0.21458333333333332,
      0.21458333333333332,
      0.3140625,
      0.3140625,
      0.3380208333333333,
      0.3380208333333333,
      0.39479166666666665,
      0.39479166666666665,
      0.44895833333333335,
      0.44895833333333335,
      0.4979166666666667,
      0.4979166666666667,
      0.6291666666666667,
      0.6291666666666667,
      0.8494791666666667,
      0.8494791666666667,
      1.0
    ],
    "tpr": [
      0.0,
      0.0125,
      0.2125,
      0.2125,
      0.225,
      0.225,
      0.2375,
      0.2375,
      0.325,
      0.325,
      0.375,
      0.375,
      0.4,
      0.4,
      0.45,
      0.45,
      0.4625,
      0.4625,
      0.475,
      0.475,
      0.5,
      0.5,
      0.5375,
      0.5375,
      0.55,
      0.55,
      0.5625,
      0.5625,
      0.575,
      0.575,
      0.5875,
      0.5875,
      0.6,
      0.6,
      0.6125,
      0.6125,
      0.625,
      0.625,
      0.6375,
      0.6375,
      0.65,
      0.65,
      0.675,
      0.675,
      0.6875,
      0.6875,
      0.7,
      0.7,
      0.7125,
      0.7125,
      0.725,
      0.725,
      0.7375,
      0.7375,
      0.75,
      0.75,
      0.7625,
      0.7625,
      0.775,
      0.775,
      0.7875,
      0.7875,
      0.8,
      0.8,
      0.8125,
      0.8125,
      0.825,
      0.825,
      0.8375,
      0.8375,
      0.85,
      0.85,
      0.8625,
      0.8625,
      0.875,
      0.875,
      0.8875,
      0.8875,
      0.9,
      0.9,
      0.9125,
      0.9125,
      0.925,
      0.925,
      0.9375,
      0.9375,
      0.95,
      0.95,
      0.9625,
      0.9625,
      0.975,
      0.975,
      0.9875,
      0.9875,
      1.0,
      1.0
    ],
    "thresholds": [
      Infinity,
      5.952642600980124,
      3.4325231310990345,
      3.3820858709977695,
      3.291839825825307,
      3.14585329263584,
      3.141415961196219,
      3.0937231850582565,
      2.8481521948112856,
      2.8218082873012182,
      2.649093396383817,
      2.596389675372034,
      2.5152472536432264,
      2.508279249226982,
      2.3267604313404955,
      2.2821449013922117,
      2.0844904703626184,
      2.0124993330894507,
      1.9787163145689506,
      1.950865082600553,
      1.9229984959751105,
      1.6019114835865529,
      1.5309140574076683,
      1.4515415044670186,
      1.4468892722828155,
      1.439463963967982,
      1.431668876371801,
      1.4192317957286127,
      1.4028614685162908,
      1.3367614856845245,
      1.3336463782217374,
      1.1967835681637111,
      1.1803817879614693,
      0.9870801834342995,
      0.9774980436712422,
      0.916235136162022,
      0.9156094363891217,
      0.783921731923378,
      0.778140544731895,
      0.7583850559157335,
      0.7467164703918743,
      0.718963915191287,
      0.7173744964167441,
      0.6976573541741091,
      0.6935716464297736,
      0.6615245051511005,
      0.660120383365908,
      0.6530477618472708,
      0.6522355930508605,
      0.48814789137750375,
      0.48478188106259823,
      0.43949748962391655,
      0.43034917926321387,
      0.4286428578257987,
      0.42668906260592987,
      0.42239126785806325,
      0.41732862780579233,
      0.3689087504294848,
      0.3649191194327487,
      0.3520773717906631,
      0.3493933115793473,
      0.330235590176019,
      0.326958196624187,
      0.3019235226995373,
      0.2913259672510318,
      0.1584954377713377,
      0.15404143576594387,
      0.11696784607774424,
      0.11369613534104106,
      0.09036965838421995,
      0.0889368363764032,
      -0.07511952260476973,
      -0.07817838319816994,
      -0.21099450279344334,
      -0.21498592277237627,
      -0.4680162510735708,
      -0.4713256898058885,
      -0.5219864676415418,
      -0.5240787712677998,
      -0.5337745496490944,
      -0.5367057840573153,
      -0.9564462093524212,
      -0.9573293762860893,
      -1.0515801302188277,
      -1.0526738433397689,
      -1.2654942056518685,
      -1.2658419148189568,
      -1.4469348807872906,
      -1.4472824121985832,
      -1.6078558613760991,
      -1.6087806323955098,
      -2.075908203619618,
      -2.0832967520226098,
      -2.9253305538250576,
      -2.9257037112392954,
      -4.945208692612512
    ]
  },